                  epoch,         train/box_loss,         train/seg_loss,         train/cls_loss,         train/dfl_loss,   metrics/precision(B),      metrics/recall(B),       metrics/mAP50(B),    metrics/mAP50-95(B),   metrics/precision(M),      metrics/recall(M),       metrics/mAP50(M),    metrics/mAP50-95(M),           val/box_loss,           val/seg_loss,           val/cls_loss,           val/dfl_loss,                 lr/pg0,                 lr/pg1,                 lr/pg2
                      1,                  2.049,                 4.8345,                 4.3469,                 1.4769,                0.00327,                0.55603,                0.04578,                0.02819,                0.00343,                0.58251,                 0.0498,                0.02843,                 1.7254,                 4.3336,                 3.7503,                 1.4013,             0.00018337,             0.00018337,             0.00018337
                      2,                 1.4361,                 2.6254,                  3.739,                 1.2372,                0.07466,                 0.0431,                0.07049,                0.04286,                0.08959,                0.05172,                0.07357,                0.04678,                 1.2595,                 3.0169,                 3.2405,                 1.2425,             0.00038088,             0.00038088,             0.00038088
                      3,                 1.2214,                 2.1982,                 3.1532,                 1.1621,                0.18163,                0.35581,                0.18645,                0.13845,                0.18608,                 0.3553,                0.18638,                0.14758,                 1.2659,                 2.6212,                 2.9296,                 1.2927,             0.00057575,             0.00057575,             0.00057575
                      4,                 1.1255,                 2.0199,                 2.5127,                   1.09,                0.35294,                0.39286,                0.43878,                 0.3554,                0.35294,                0.39286,                0.43737,                0.36965,                 1.1624,                 2.5234,                  2.747,                 1.2288,             0.00076798,             0.00076798,             0.00076798
                      5,                 1.1263,                 1.8409,                  2.033,                 1.1392,                0.50386,                 0.5234,                0.54002,                0.42082,                0.47468,                0.53202,                0.54874,                0.42269,                 1.1263,                 2.3391,                   2.13,                 1.2093,             0.00095756,             0.00095756,             0.00095756
                      6,                 1.1411,                  1.868,                 1.8632,                 1.1119,                0.76397,                 0.5654,                0.65769,                0.51893,                0.76397,                 0.5654,                0.66773,                0.51351,                 1.0506,                 2.1349,                 1.5629,                 1.1444,              0.0011445,              0.0011445,              0.0011445
                      7,                 1.0705,                 1.8007,                 1.6323,                 1.0896,                0.62024,                 0.6016,                0.64334,                0.51661,                0.62024,                 0.6016,                0.63751,                0.51107,                  1.062,                 2.0524,                 1.5776,                 1.1578,              0.0013288,              0.0013288,              0.0013288
                      8,                 1.0677,                 1.7639,                 1.5741,                 1.1015,                0.67594,                0.68904,                0.70552,                0.53165,                0.66027,                0.68364,                0.67875,                0.52797,                 1.0776,                 2.0565,                 1.3983,                  1.122,              0.0015105,              0.0015105,              0.0015105
                      9,                 1.0513,                 1.7411,                 1.3658,                 1.1006,                0.72968,                 0.6798,                0.69851,                 0.5366,                 0.7439,                0.69704,                0.70008,                0.55264,                 1.0585,                 2.0789,                 1.3968,                 1.1299,               0.001579,               0.001579,               0.001579
                     10,                 1.0685,                 1.6545,                 1.3505,                 1.1034,                0.80333,                 0.6718,                0.73559,                0.56945,                0.81053,                0.67995,                0.74875,                0.59063,                 1.0618,                 2.0095,                 1.2564,                 1.1297,               0.001568,               0.001568,               0.001568
                     11,                 1.0444,                  1.616,                 1.2415,                  1.097,                0.83512,                0.74938,                0.78131,                0.55969,                0.83512,                0.74938,                0.79101,                0.58626,                 1.1098,                 1.9706,                 1.2143,                 1.1952,               0.001557,               0.001557,               0.001557
                     12,                 1.0062,                 1.4725,                 1.0937,                 1.0559,                0.90486,                0.72352,                0.78384,                0.60084,                0.86345,                0.74938,                0.79441,                0.62197,                 1.0619,                  2.016,                 1.0489,                 1.2021,               0.001546,               0.001546,               0.001546
                     13,                0.99822,                 1.5726,                 1.0984,                 1.0666,                0.87457,                0.73214,                0.79457,                0.59044,                0.87457,                0.73214,                0.79439,                0.61671,                 1.0506,                 1.9867,                0.98745,                 1.1554,               0.001535,               0.001535,               0.001535
                     14,                 1.0002,                 1.5597,                 1.1161,                 1.0543,                0.86798,                0.74076,                0.80177,                0.60225,                0.86798,                0.74076,                 0.8025,                0.61309,                 1.0595,                 1.8551,                0.99462,                 1.1609,               0.001524,               0.001524,               0.001524
                     15,                0.93734,                 1.4661,                0.95962,                 1.0325,                0.88923,                0.68042,                0.75616,                 0.5845,                0.88923,                0.68042,                0.75441,                0.59044,                 1.1043,                  1.876,                 1.1128,                 1.1905,               0.001513,               0.001513,               0.001513
                     16,                 1.0016,                 1.6122,                 1.0667,                 1.0712,                 0.8556,                0.73214,                0.77529,                0.60707,                0.89027,                0.74076,                0.78871,                0.61297,                 1.1052,                 2.0073,                 1.0512,                 1.1601,               0.001502,               0.001502,               0.001502
                     17,                0.99705,                 1.4527,                0.98927,                 1.0603,                0.90554,                0.77031,                0.80974,                 0.6173,                0.89517,                0.77525,                0.81606,                0.63192,                 1.0773,                  1.985,                0.88582,                 1.1689,               0.001491,               0.001491,               0.001491
                     18,                0.91452,                 1.4417,                  0.921,                 1.0063,                0.87229,                0.79306,                0.81964,                0.61862,                0.86119,                0.78444,                0.82551,                 0.6437,                 1.0181,                 1.8567,                 0.8631,                 1.1201,                0.00148,                0.00148,                0.00148
                     19,                0.93999,                   1.44,                0.91459,                 1.0351,                 0.8656,                0.78387,                0.79322,                0.61749,                0.83288,                0.78387,                0.80006,                0.64694,                 1.0158,                 1.8003,                0.88432,                 1.1299,               0.001469,               0.001469,               0.001469
                     20,                0.91043,                 1.4206,                0.90815,                 1.0324,                0.86794,                0.77525,                0.80158,                0.60117,                0.86212,                0.77821,                 0.8041,                0.62717,                 1.0245,                 1.8219,                 0.8877,                 1.1313,               0.001458,               0.001458,               0.001458
                     21,                 0.9185,                 1.3557,                0.93385,                 1.0068,                0.87393,                  0.758,                0.78782,                  0.607,                0.86201,                0.74938,                0.77609,                0.62029,                0.99676,                 1.8483,                0.93618,                 1.1338,               0.001447,               0.001447,               0.001447
                     22,                0.91192,                 1.3899,                0.91623,                 1.0016,                0.88521,                0.74938,                  0.786,                0.61224,                0.83877,                0.78059,                0.79842,                 0.6355,                 1.0149,                 1.7816,                0.92565,                 1.1399,               0.001436,               0.001436,               0.001436
                     23,                0.89195,                 1.3935,                0.86141,                 1.0043,                0.88037,                0.73214,                0.78244,                0.63603,                0.88037,                0.73214,                0.78201,                0.64642,                0.93125,                 1.7932,                0.95401,                 1.0965,               0.001425,               0.001425,               0.001425
                     24,                0.89058,                 1.3524,                 0.8504,                 1.0092,                0.87565,                0.74938,                0.78557,                0.61944,                0.86282,                0.74076,                0.76916,                0.62981,                0.97837,                 1.7802,                0.96178,                 1.1066,              0.0014139,              0.0014139,              0.0014139
                     25,                0.84226,                 1.2334,                0.81937,                 0.9856,                 0.8885,                0.76211,                0.79625,                0.62712,                0.92405,                0.76512,                0.79834,                0.64164,                 0.9677,                 1.7441,                0.97833,                 1.0598,              0.0014029,              0.0014029,              0.0014029
                     26,                0.87527,                 1.3548,                 0.8011,                0.98873,                0.85808,                0.76707,                0.79558,                0.64415,                0.85819,                0.76846,                0.78858,                 0.6346,                0.98182,                 1.6918,                0.89527,                 1.0692,              0.0013919,              0.0013919,              0.0013919
                     27,                0.85584,                  1.223,                0.77533,                 0.9903,                 0.9098,                0.75482,                0.80116,                0.62313,                0.94492,                0.72712,                0.79388,                0.64422,                 1.0403,                 1.7824,                0.92581,                 1.1282,              0.0013809,              0.0013809,              0.0013809
                     28,                 0.8651,                 1.2686,                0.78645,                0.98617,                 0.8617,                0.80111,                0.80468,                0.64206,                 0.8617,                0.80111,                 0.8017,                0.62794,                0.98316,                 1.7877,                0.88965,                 1.1287,              0.0013699,              0.0013699,              0.0013699
                     29,                 0.8623,                 1.2872,                0.77248,                0.98444,                0.81758,                0.81766,                0.80028,                0.63784,                 0.8341,                0.80111,                0.80453,                0.64512,                0.93943,                 1.7069,                0.88982,                 1.1162,              0.0013589,              0.0013589,              0.0013589
                     30,                0.84901,                 1.2183,                0.76341,                0.97028,                0.87856,                0.77525,                0.78994,                0.63215,                0.88569,                0.78387,                0.79621,                 0.6374,                0.94994,                 1.6666,                0.87198,                 1.1447,              0.0013479,              0.0013479,              0.0013479
                     31,                0.80278,                 1.2027,                0.69471,                0.95876,                 0.8077,                0.78387,                0.76404,                0.61447,                0.78897,                0.76663,                0.74813,                0.62943,                0.95907,                 1.7359,                0.89591,                 1.1163,              0.0013369,              0.0013369,              0.0013369
                     32,                0.82498,                 1.2835,                0.75569,                0.95815,                0.86589,                0.74076,                0.77511,                0.61077,                0.85328,                0.73214,                0.76802,                0.62762,                0.99941,                 1.7457,                0.92877,                 1.1299,              0.0013259,              0.0013259,              0.0013259
                     33,                 0.8099,                 1.1517,                0.68967,                0.95574,                0.87274,                  0.758,                0.78306,                0.61908,                0.89404,                0.73591,                  0.788,                0.64183,                 1.0053,                 1.6811,                0.88097,                 1.1293,              0.0013149,              0.0013149,              0.0013149
                     34,                 0.8439,                 1.3055,                0.75255,                 1.0053,                0.90377,                0.73792,                0.77457,                 0.6197,                0.87393,                0.76663,                0.79201,                0.63457,                0.94489,                 1.6561,                0.84966,                 1.1012,              0.0013039,              0.0013039,              0.0013039
                     35,                0.80543,                 1.2461,                0.70029,                 0.9548,                0.87175,                0.78557,                0.80517,                0.63449,                0.87175,                0.78557,                0.79475,                0.63946,                0.90555,                  1.643,                0.80241,                 1.0599,              0.0012929,              0.0012929,              0.0012929
                     36,                0.83815,                 1.2421,                0.74507,                0.97109,                0.86905,                0.80111,                0.79162,                0.65727,                 0.8902,                 0.8177,                0.81767,                0.66096,                0.89689,                 1.5496,                0.77929,                 1.0632,              0.0012819,              0.0012819,              0.0012819
                     37,                0.78833,                 1.1794,                0.71961,                0.95888,                0.91934,                0.79064,                0.83296,                0.65033,                0.91934,                0.79064,                0.82982,                 0.6435,                0.95854,                 1.6429,                0.80282,                 1.1016,              0.0012709,              0.0012709,              0.0012709
                     38,                0.77214,                 1.1397,                 0.6591,                0.96372,                0.91537,                0.77772,                 0.8011,                0.63963,                0.90297,                0.76924,                0.81611,                0.64725,                0.91461,                 1.6967,                0.81037,                 1.1101,              0.0012599,              0.0012599,              0.0012599
                     39,                0.81747,                 1.2346,                0.71081,                0.95604,                0.89375,                0.79249,                0.80844,                0.66186,                0.89375,                0.79249,                0.81527,                0.64851,                0.88634,                 1.8481,                0.79288,                 1.1088,              0.0012489,              0.0012489,              0.0012489
                     40,                0.80272,                 1.1701,                0.66682,                0.95325,                0.92112,                0.80899,                0.83727,                0.65547,                0.92931,                0.82697,                0.84166,                0.65485,                  0.947,                 1.7742,                0.78217,                 1.1231,              0.0012379,              0.0012379,              0.0012379
                     41,                0.79445,                 1.1738,                 0.6542,                0.96946,                0.91855,                0.76663,                0.81534,                0.65907,                0.93205,                0.77525,                0.80541,                0.66081,                0.86751,                 1.7015,                0.77754,                 1.0776,              0.0012269,              0.0012269,              0.0012269
                     42,                0.78179,                 1.1679,                0.66548,                0.95869,                0.90312,                0.80536,                 0.8308,                0.64315,                0.93283,                0.79249,                0.84516,                0.65919,                0.92848,                 1.7371,                0.72694,                 1.0896,              0.0012159,              0.0012159,              0.0012159
                     43,                0.81121,                  1.145,                0.69975,                0.96637,                0.89764,                0.82697,                0.81992,                0.64861,                0.89764,                0.82697,                0.83194,                0.66968,                0.89326,                 1.6522,                0.77489,                 1.0634,              0.0012049,              0.0012049,              0.0012049
                     44,                 0.7423,                 1.1435,                0.64274,                0.94636,                0.89376,                0.78964,                0.82492,                0.66274,                0.92748,                0.80074,                0.84199,                0.67053,                 0.8629,                 1.6066,                0.76343,                 1.0356,              0.0011939,              0.0011939,              0.0011939
                     45,                0.81275,                 1.1577,                0.67303,                0.96733,                0.92518,                0.80973,                0.84112,                0.66293,                0.92518,                0.80973,                0.84667,                 0.6711,                0.88123,                 1.6289,                0.74057,                 1.0193,              0.0011829,              0.0011829,              0.0011829
                     46,                0.75853,                 1.1079,                0.64282,                0.94288,                0.91132,                0.80614,                0.84032,                0.68858,                0.91132,                0.80614,                0.84222,                0.68297,                0.83231,                 1.6622,                0.71768,                  1.001,              0.0011719,              0.0011719,              0.0011719
                     47,                 0.7671,                 1.1211,                0.66028,                0.94879,                0.89748,                0.80973,                0.84631,                0.69502,                0.89748,                0.80973,                0.84012,                0.67935,                0.82607,                 1.7001,                0.69313,                  1.007,              0.0011609,              0.0011609,              0.0011609
                     48,                0.79225,                 1.1748,                0.65117,                0.95642,                0.93496,                0.77525,                0.83733,                0.66595,                0.92178,                0.76663,                0.82926,                0.66055,                0.88195,                 1.7395,                0.72948,                 1.0478,              0.0011499,              0.0011499,              0.0011499
                     49,                0.77015,                 1.1779,                0.64968,                0.93113,                0.91492,                0.77525,                0.82238,                0.66529,                0.93707,                0.77525,                  0.817,                0.65387,                0.88766,                 1.7397,                0.77675,                 1.0425,              0.0011389,              0.0011389,              0.0011389
                     50,                0.72994,                 1.0769,                0.62074,                0.93274,                0.84026,                0.79249,                0.81325,                0.68135,                0.85034,                0.80111,                0.81631,                0.68003,                 0.8377,                 1.6499,                0.73012,                 1.0174,              0.0011279,              0.0011279,              0.0011279
                     51,                0.75684,                 1.1299,                 0.6007,                0.93269,                0.91045,                0.77525,                0.82014,                0.67214,                0.92286,                0.78387,                0.82806,                0.67193,                0.88831,                 1.7077,                 0.7411,                 1.0425,              0.0011169,              0.0011169,              0.0011169
                     52,                0.72497,                 1.0422,                0.57633,                0.92175,                0.93565,                0.75592,                0.82743,                0.68188,                0.89074,                0.80786,                0.83668,                 0.6647,                0.88664,                 1.6744,                0.78729,                  1.034,              0.0011059,              0.0011059,              0.0011059
                     53,                0.74306,                 1.0925,                0.59917,                0.92304,                0.89514,                0.79249,                0.83015,                0.66941,                0.89514,                0.79249,                0.83293,                0.67317,                0.89443,                 1.6367,                0.80896,                 1.0513,              0.0010949,              0.0010949,              0.0010949
                     54,                0.71863,                 1.0403,                0.59697,                0.91327,                0.91228,                 0.7573,                0.80944,                0.64632,                0.91228,                 0.7573,                0.81229,                0.67074,                0.89378,                 1.6909,                0.80958,                 1.0612,              0.0010839,              0.0010839,              0.0010839
                     55,                 0.7271,                 1.1463,                0.62529,                0.92785,                0.91801,                0.76809,                0.81276,                0.65546,                0.95089,                0.73772,                0.80148,                 0.6646,                0.86094,                 1.7979,                 0.8337,                 1.0416,              0.0010729,              0.0010729,              0.0010729
                     56,                0.72449,                  1.104,                0.60639,                 0.9336,                0.90844,                0.76792,                0.82917,                0.65363,                0.91489,                0.76663,                0.82027,                0.65545,                0.90301,                 1.9161,                0.75505,                 1.0818,              0.0010619,              0.0010619,              0.0010619
                     57,                0.76296,                 1.0897,                0.59716,                0.93136,                0.87587,                0.77525,                0.82986,                0.65713,                0.87587,                0.77525,                0.81835,                0.67027,                0.86709,                 1.8089,                0.72691,                 1.0486,              0.0010509,              0.0010509,              0.0010509
                     58,                0.72774,                 1.1039,                0.59829,                0.91651,                0.91024,                0.81835,                0.84803,                0.67931,                0.91024,                0.81835,                0.83728,                0.67148,                0.85852,                  1.735,                0.67627,                  1.033,              0.0010399,              0.0010399,              0.0010399
                     59,                 0.6916,                 1.0059,                0.56757,                0.92015,                0.92618,                0.77525,                 0.8306,                0.68286,                0.93884,                0.78387,                0.83787,                 0.6814,                0.84725,                 1.7559,                0.69956,                 1.0292,              0.0010289,              0.0010289,              0.0010289
                     60,                0.72658,                 1.1899,                0.60317,                0.95511,                0.91395,                0.78326,                0.84366,                0.68192,                0.92698,                0.79178,                  0.849,                0.67902,                 0.8591,                 1.7097,                0.70527,                 1.0364,              0.0010179,              0.0010179,              0.0010179
                     61,                0.74053,                 1.0722,                0.58408,                0.94461,                0.92708,                0.78387,                0.84475,                0.68806,                0.91923,                0.78387,                0.83803,                0.70178,                0.88184,                 1.6688,                0.74092,                 1.0532,              0.0010069,              0.0010069,              0.0010069
                     62,                0.74546,                 1.1345,                0.55885,                0.92536,                0.88979,                0.81835,                0.83756,                0.68882,                0.90064,                0.82697,                0.84748,                0.69279,                0.83272,                 1.7196,                0.67198,                 1.0347,             0.00099587,             0.00099587,             0.00099587
                     63,                0.74909,                 1.1151,                0.58138,                  0.919,                0.92836,                0.80973,                 0.8472,                0.69136,                 0.9184,                0.81835,                0.85164,                0.69967,                0.84219,                 1.6641,                0.71555,                 1.0294,             0.00098486,             0.00098486,             0.00098486
                     64,                0.72542,                 1.0795,                0.53924,                0.91753,                0.88589,                0.79249,                0.83177,                0.69353,                0.90589,                0.80973,                0.84434,                0.70032,                0.81314,                 1.6064,                0.71664,                 1.0199,             0.00097386,             0.00097386,             0.00097386
                     65,                0.75767,                 1.1049,                 0.5921,                0.92164,                0.82609,                0.82697,                0.82524,                 0.6856,                0.84487,                0.82697,                0.83914,                0.68106,                0.83319,                 1.6919,                0.70229,                 1.0469,             0.00096286,             0.00096286,             0.00096286
                     66,                0.73322,                 1.0934,                0.56285,                0.94379,                0.85649,                0.81804,                0.83202,                 0.6832,                 0.8749,                0.83286,                0.83935,                0.68766,                0.83976,                 1.6949,                0.69903,                 1.0522,             0.00095186,             0.00095186,             0.00095186
                     67,                0.78275,                 1.0444,                0.60905,                0.93752,                0.88621,                0.78387,                0.83648,                0.67821,                0.90351,                0.80111,                0.84658,                0.65932,                0.93713,                 1.8748,                0.69841,                 1.1194,             0.00094085,             0.00094085,             0.00094085
                     68,                0.71578,                 1.1181,                0.57226,                 0.9167,                0.90181,                0.81835,                0.85051,                0.67984,                0.91851,                0.83559,                0.85959,                0.66361,                0.96114,                 1.7021,                0.71028,                 1.1154,             0.00092985,             0.00092985,             0.00092985
                     69,                0.69188,                 1.0315,                0.54656,                0.90461,                0.93281,                  0.802,                0.86312,                0.67865,                0.93281,                  0.802,                0.86199,                 0.6716,                0.91847,                 1.6858,                0.68208,                 1.0731,             0.00091885,             0.00091885,             0.00091885
                     70,                0.69439,                 1.0075,                0.54183,                0.91061,                0.84091,                0.81175,                0.82648,                0.67223,                0.86306,                0.86145,                0.85332,                0.68923,                0.90878,                 1.5982,                 0.6878,                 1.0674,             0.00090785,             0.00090785,             0.00090785
                     71,                0.74147,                 1.1611,                 0.6093,                0.93034,                0.93134,                0.77525,                0.82365,                 0.6631,                0.90716,                0.80111,                0.83292,                0.68367,                0.86262,                 1.5887,                0.73976,                 1.0419,             0.00089685,             0.00089685,             0.00089685
                     72,                0.67803,                 0.9946,                 0.5345,                0.90821,                0.89367,                0.80973,                0.83978,                0.68619,                0.90579,                0.81835,                0.84647,                0.68951,                0.86557,                 1.6581,                  0.727,                 1.0334,             0.00088584,             0.00088584,             0.00088584
                     73,                0.71293,                 1.0813,                0.56596,                0.90891,                0.94581,                0.79249,                0.84529,                0.67379,                0.94581,                0.79249,                0.84325,                0.68278,                0.87678,                 1.7065,                0.70024,                 1.0535,             0.00087484,             0.00087484,             0.00087484
                     74,                0.73237,                 1.0778,                0.56195,                0.93764,                 0.8806,                0.80111,                0.82932,                0.66885,                 0.8916,                0.80973,                0.84209,                0.69207,                0.90182,                 1.6782,                 0.7441,                 1.0788,             0.00086384,             0.00086384,             0.00086384
                     75,                0.69234,                  1.006,                0.52184,                0.92993,                0.93125,                0.80973,                0.84193,                0.67091,                0.93125,                0.80973,                 0.8442,                 0.7007,                0.88702,                 1.7064,                0.73304,                 1.0629,             0.00085284,             0.00085284,             0.00085284
                     76,                0.70354,                0.97193,                0.52768,                0.92809,                0.91239,                0.78387,                0.84265,                 0.6734,                0.91239,                0.78387,                0.84513,                0.68754,                0.87588,                 1.6289,                 0.7228,                 1.0463,             0.00084184,             0.00084184,             0.00084184
                     77,                0.72029,                 1.1153,                 0.5565,                0.91961,                0.92112,                0.81835,                0.84539,                0.69024,                0.92151,                0.80973,                 0.8421,                0.69137,                0.82765,                 1.6122,                0.72459,                 1.0196,             0.00083083,             0.00083083,             0.00083083
                     78,                0.67507,                 0.9535,                0.53252,                0.91262,                0.90123,                0.81835,                0.84318,                0.69109,                0.90715,                0.79249,                0.83121,                0.68939,                0.82473,                 1.6963,                0.72393,                 1.0311,             0.00081983,             0.00081983,             0.00081983
                     79,                0.68707,                 1.0298,                0.53294,                0.90393,                0.90005,                0.83559,                0.85252,                0.69136,                0.88981,                0.82697,                0.84658,                0.69354,                0.85647,                 1.7472,                0.66257,                 1.0829,             0.00080883,             0.00080883,             0.00080883
                     80,                0.67179,                0.98632,                0.51889,                0.89688,                0.88028,                0.83559,                0.84348,                0.68208,                0.91743,                0.82697,                0.85359,                0.68267,                0.86121,                 1.7364,                0.65333,                 1.0638,             0.00079783,             0.00079783,             0.00079783
                     81,                0.65817,                0.98812,                0.51614,                0.90341,                0.89926,                0.82185,                0.84461,                   0.68,                0.90544,                0.82697,                0.85211,                0.68208,                0.83309,                 1.6816,                0.64395,                 1.0673,             0.00078682,             0.00078682,             0.00078682
                     82,                0.69914,                 1.0124,                0.53585,                0.92643,                0.91603,                0.82697,                0.85453,                0.67947,                0.90511,                0.81835,                0.85163,                0.67849,                0.83789,                 1.7257,                0.65472,                 1.0603,             0.00077582,             0.00077582,             0.00077582
                     83,                0.67932,                 1.0116,                0.53663,                0.91267,                0.92039,                0.82697,                0.84829,                0.68329,                0.92039,                0.82697,                 0.8492,                0.68901,                0.80302,                 1.7477,                0.64233,                 1.0526,             0.00076482,             0.00076482,             0.00076482
                     84,                0.64771,                 1.0158,                0.50073,                0.91566,                0.89154,                0.81835,                0.84447,                0.69497,                0.89404,                0.81835,                0.84064,                0.69039,                 0.7857,                 1.7206,                0.66766,                 1.0458,             0.00075382,             0.00075382,             0.00075382
                     85,                0.71585,                 1.0035,                0.52342,                0.91064,                0.91622,                0.81835,                0.85132,                0.69043,                0.90532,                0.80973,                0.84877,                0.69448,                0.82269,                 1.7256,                0.64063,                 1.0551,             0.00074282,             0.00074282,             0.00074282
                     86,                0.70545,                 1.0269,                0.54647,                0.91074,                 0.9367,                0.82697,                0.87043,                0.70134,                0.92497,                0.81835,                0.86214,                 0.7148,                0.83163,                 1.6961,                0.64901,                 1.0517,             0.00073181,             0.00073181,             0.00073181
                     87,                0.66343,                0.91366,                 0.5042,                0.90507,                0.94696,                0.84324,                0.87843,                0.70103,                0.92505,                0.82299,                0.86193,                0.70701,                0.82223,                 1.6693,                0.65005,                  1.041,             0.00072081,             0.00072081,             0.00072081
                     88,                0.65662,                0.94032,                0.49505,                0.90879,                0.93479,                0.82073,                0.86539,                0.69643,                0.92351,                0.81232,                0.85881,                0.68872,                0.82936,                 1.6575,                0.64497,                 1.0579,             0.00070981,             0.00070981,             0.00070981
                     89,                0.69607,                 1.0277,                0.51741,                0.91211,                0.90616,                0.81835,                0.85436,                0.69468,                 0.9373,                0.79249,                0.84322,                0.68101,                0.80841,                  1.709,                0.66548,                  1.043,             0.00069881,             0.00069881,             0.00069881
                     90,                0.62193,                0.91299,                0.50016,                0.87901,                0.92463,                0.79249,                0.84117,                0.69085,                0.89691,                0.81835,                0.84984,                0.68697,                0.83413,                 1.7249,                0.71191,                 1.0476,              0.0006878,              0.0006878,              0.0006878
                     91,                0.65348,                0.91912,                0.50288,                0.88408,                0.89872,                0.81835,                0.85326,                0.68618,                0.89872,                0.81835,                 0.8496,                0.69885,                0.82712,                  1.673,                0.74884,                 1.0384,              0.0006768,              0.0006768,              0.0006768
                     92,                0.67181,                0.93762,                0.50756,                 0.9064,                0.91033,                0.81406,                0.84491,                0.68684,                0.91033,                0.81406,                 0.8492,                 0.6857,                0.82775,                 1.7586,                 0.7276,                 1.0341,              0.0006658,              0.0006658,              0.0006658
                     93,                0.65798,                0.97401,                0.48828,                0.89945,                0.92885,                 0.7998,                0.85136,                0.69366,                0.92885,                 0.7998,                0.85696,                    0.7,                0.78608,                 1.6683,                0.68594,                 1.0145,              0.0006548,              0.0006548,              0.0006548
                     94,                0.65957,                0.98095,                0.48643,                0.89113,                0.92238,                0.82794,                0.86805,                0.69075,                0.92238,                0.82794,                0.86663,                 0.7052,                0.81224,                 1.6621,                0.64549,                 1.0324,              0.0006438,              0.0006438,              0.0006438
                     95,                0.64905,                0.88836,                0.46156,                0.89986,                 0.9244,                0.84035,                0.86278,                0.67836,                 0.9244,                0.84035,                0.86176,                0.69453,                0.85566,                 1.6548,                0.65957,                  1.052,             0.00063279,             0.00063279,             0.00063279
                     96,                 0.6759,                 0.9481,                0.51646,                0.90239,                0.92932,                0.83559,                0.85619,                0.69518,                0.92932,                0.83559,                0.85555,                 0.7118,                0.78757,                 1.5715,                0.63827,                 1.0237,             0.00062179,             0.00062179,             0.00062179
                     97,                0.69634,                  1.019,                0.51128,                0.92046,                0.89841,                0.83559,                0.84949,                 0.6933,                0.89034,                0.84421,                0.85817,                0.70522,                0.79415,                 1.5846,                0.65431,                 1.0209,             0.00061079,             0.00061079,             0.00061079
                     98,                0.64476,                0.96273,                0.48517,                0.89472,                0.91738,                0.83559,                0.85511,                 0.6782,                 0.9102,                0.85283,                0.86372,                0.69103,                0.80698,                 1.6653,                0.66691,                  1.016,             0.00059979,             0.00059979,             0.00059979
                     99,                0.61929,                0.91952,                0.48612,                0.89777,                0.93123,                0.83559,                0.85076,                0.68213,                0.93424,                0.84255,                0.85912,                0.69312,                0.83445,                 1.6881,                0.70292,                 1.0483,             0.00058878,             0.00058878,             0.00058878
                    100,                0.66252,                0.97227,                0.50318,                0.90399,                0.90361,                0.82128,                0.84183,                0.68715,                0.90305,                0.82697,                0.84454,                0.68608,                0.80736,                 1.7106,                0.72265,                 1.0275,             0.00057778,             0.00057778,             0.00057778
                    101,                0.61902,                0.90159,                0.46935,                0.87462,                 0.9308,                0.78254,                0.82748,                 0.6927,                0.87066,                0.81465,                0.83674,                 0.6803,                0.79315,                  1.734,                 0.7152,                  1.025,             0.00056678,             0.00056678,             0.00056678
                    102,                0.62775,                0.93817,                0.50556,                0.89924,                0.89968,                0.80111,                0.83306,                0.68695,                0.89968,                0.80111,                0.83444,                0.68066,                0.81401,                 1.7239,                0.71043,                 1.0473,             0.00055578,             0.00055578,             0.00055578
                    103,                0.59563,                0.95806,                0.47355,                0.90414,                0.87932,                0.82697,                 0.8344,                0.67729,                0.88932,                0.83559,                0.84508,                0.67857,                 0.8103,                 1.7561,                0.69082,                 1.0608,             0.00054478,             0.00054478,             0.00054478
                    104,                0.63389,                0.95944,                0.48316,                0.87566,                0.94762,                0.76663,                0.82277,                0.67071,                0.94762,                0.76663,                0.82346,                0.66865,                0.83416,                 1.8058,                0.71303,                 1.0775,             0.00053377,             0.00053377,             0.00053377
                    105,                0.59789,                0.84638,                0.44898,                0.88855,                0.84093,                0.81913,                0.82549,                0.66694,                0.85769,                0.82697,                0.82501,                0.67207,                0.82362,                 1.7873,                0.70258,                 1.0798,             0.00052277,             0.00052277,             0.00052277
                    106,                0.64431,                 0.9233,                0.49536,                0.90682,                0.90195,                0.77525,                0.82025,                0.68324,                0.84842,                0.82697,                0.82924,                0.68478,                0.82795,                 1.7146,                 0.7048,                 1.0702,             0.00051177,             0.00051177,             0.00051177
                    107,                0.59326,                0.89465,                0.43878,                0.88606,                0.88492,                0.81835,                0.83351,                0.67245,                0.88492,                0.81835,                0.83866,                0.68139,                0.83092,                 1.7328,                0.66907,                 1.0837,             0.00050077,             0.00050077,             0.00050077
                    108,                0.63979,                0.88573,                0.46291,                0.88954,                0.91177,                0.80973,                0.84336,                0.66542,                0.91177,                0.80973,                0.84251,                 0.6732,                 0.8426,                 1.7552,                0.64959,                 1.0945,             0.00048976,             0.00048976,             0.00048976
                    109,                0.61605,                0.90976,                0.45654,                0.89684,                0.88965,                0.82697,                0.85174,                0.67824,                0.87958,                0.81835,                0.84183,                0.68826,                 0.8179,                 1.7334,                0.63136,                  1.072,             0.00047876,             0.00047876,             0.00047876
                    110,                0.63094,                0.91835,                0.45508,                0.90336,                0.90445,                0.80111,                0.85402,                0.68231,                0.89322,                0.80781,                0.84332,                0.67963,                0.85216,                 1.7408,                0.65074,                 1.0571,             0.00046776,             0.00046776,             0.00046776
                    111,                0.60756,                0.91141,                0.45661,                0.89596,                0.91689,                 0.8222,                0.85265,                0.68788,                0.90626,                0.81432,                0.84597,                0.68541,                0.83309,                 1.7649,                 0.6786,                 1.0217,             0.00045676,             0.00045676,             0.00045676
                    112,                0.58854,                0.90516,                0.44472,                 0.8804,                0.91013,                0.80973,                0.84941,                0.68879,                0.91795,                0.81593,                0.84734,                0.69682,                0.82981,                 1.7536,                0.70274,                 1.0199,             0.00044576,             0.00044576,             0.00044576
                    113,                0.62097,                0.89813,                0.44541,                0.87624,                0.91042,                0.78387,                0.82581,                0.68665,                0.93679,                0.81525,                0.84643,                0.68143,                0.82976,                 1.7452,                0.69522,                 1.0243,             0.00043475,             0.00043475,             0.00043475
                    114,                0.59374,                0.87301,                 0.4432,                0.88065,                0.87844,                0.79249,                0.82511,                0.69155,                0.90007,                0.80973,                0.84171,                0.69378,                0.78752,                 1.6895,                0.68675,                 1.0169,             0.00042375,             0.00042375,             0.00042375
                    115,                0.59353,                0.85046,                0.43974,                0.88601,                0.86139,                0.81292,                0.83286,                  0.691,                0.87064,                0.81952,                0.84347,                0.69486,                0.80501,                 1.6897,                0.65689,                 1.0319,             0.00041275,             0.00041275,             0.00041275
                    116,                0.61405,                0.89366,                0.47587,                0.88961,                0.93059,                0.79249,                0.83513,                0.68833,                0.93808,                0.80973,                0.85435,                0.68965,                0.80909,                 1.6842,                0.66358,                 1.0296,             0.00040175,             0.00040175,             0.00040175
                    117,                0.60079,                0.86404,                0.44451,                0.89501,                0.89772,                0.80973,                0.83287,                 0.6887,                0.93318,                0.81855,                 0.8577,                0.70037,                0.79232,                 1.6412,                0.67583,                 1.0116,             0.00039074,             0.00039074,             0.00039074
                    118,                0.61544,                0.89566,                0.44186,                0.90038,                0.89323,                0.81835,                0.84399,                   0.69,                0.89323,                0.81835,                0.85396,                0.70246,                0.79643,                 1.6568,                0.67183,                 1.0221,             0.00037974,             0.00037974,             0.00037974
                    119,                0.60432,                  0.897,                0.44622,                0.87851,                0.89523,                0.81824,                0.84127,                0.69465,                0.89523,                0.81824,                0.84786,                0.69832,                0.82149,                 1.6422,                0.67645,                 1.0421,             0.00036874,             0.00036874,             0.00036874
                    120,                0.60998,                0.91615,                0.44956,                0.87842,                0.90857,                0.83881,                0.85662,                0.71264,                0.90857,                0.83881,                0.86202,                 0.7081,                0.80021,                 1.6305,                0.65411,                 1.0387,             0.00035774,             0.00035774,             0.00035774
                    121,                0.57276,                  0.832,                0.44443,                0.87249,                0.87725,                0.84683,                0.86388,                0.70723,                0.90453,                0.81471,                0.86129,                0.70836,                0.80781,                 1.6748,                0.64238,                 1.0422,             0.00034674,             0.00034674,             0.00034674
                    122,                0.57949,                0.84356,                0.43489,                0.88865,                0.90609,                0.83559,                0.86291,                0.69615,                0.90609,                0.83559,                0.86671,                0.70065,                0.81487,                 1.6996,                0.63787,                 1.0445,             0.00033573,             0.00033573,             0.00033573
                    123,                 0.6467,                0.95764,                0.49002,                0.90082,                0.91402,                0.82697,                0.85055,                0.69234,                0.91402,                0.82697,                0.86032,                0.69332,                0.82965,                 1.6831,                0.65074,                 1.0618,             0.00032473,             0.00032473,             0.00032473
                    124,                0.60126,                0.89251,                0.45731,                0.89376,                0.90382,                0.81804,                0.84552,                0.69651,                0.90382,                0.81804,                0.84626,                0.69928,                0.80076,                 1.6465,                0.67683,                 1.0431,             0.00031373,             0.00031373,             0.00031373
                    125,                0.55365,                0.86423,                0.40993,                0.85853,                0.92607,                0.83557,                0.85835,                0.70218,                0.91488,                0.82697,                0.85628,                0.70292,                0.81536,                 1.6372,                0.64743,                 1.0508,             0.00030273,             0.00030273,             0.00030273
                    126,                0.58733,                0.83792,                0.43683,                0.87963,                0.90887,                 0.8474,                0.85852,                0.69951,                0.89895,                0.83877,                0.85655,                0.69982,                0.83092,                 1.6517,                0.64096,                 1.0525,             0.00029172,             0.00029172,             0.00029172
                    127,                 0.5636,                0.87305,                0.40858,                0.86769,                0.92622,                0.83485,                0.86045,                0.70545,                0.92622,                0.83485,                 0.8639,                0.70443,                0.83461,                 1.6524,                0.64661,                 1.0525,             0.00028072,             0.00028072,             0.00028072
                    128,                0.57965,                0.89192,                0.41251,                0.87401,                0.90442,                0.84421,                0.85741,                0.70924,                0.90442,                0.84421,                0.85989,                0.70673,                0.82158,                 1.6525,                0.64366,                 1.0417,             0.00026972,             0.00026972,             0.00026972
                    129,                0.57774,                0.90139,                0.43609,                0.87783,                 0.9045,                0.82178,                0.84506,                0.70531,                0.89397,                0.81333,                0.84421,                0.70549,                0.79524,                 1.6355,                0.67709,                 1.0237,             0.00025872,             0.00025872,             0.00025872
                    130,                0.56218,                0.86287,                0.42902,                0.87747,                0.92778,                0.80111,                0.84179,                 0.7004,                0.96691,                0.77248,                0.84173,                0.69933,                0.78415,                 1.6522,                 0.6877,                 1.0034,             0.00024772,             0.00024772,             0.00024772
                    131,                 0.5786,                0.85614,                0.43314,                0.87126,                0.91882,                0.80111,                 0.8451,                0.69694,                 0.9674,                0.77308,                0.84509,                0.69862,                 0.8027,                 1.6926,                0.67604,                  1.015,             0.00023671,             0.00023671,             0.00023671
                    132,                0.55227,                0.84107,                0.40502,                0.86844,                0.93095,                0.80111,                0.84783,                0.70961,                0.96754,                0.77047,                0.84826,                0.70695,                 0.8036,                 1.6705,                0.65977,                 1.0218,             0.00022571,             0.00022571,             0.00022571
                    133,                0.53607,                0.82303,                0.40105,                0.86868,                0.93398,                0.80673,                0.85807,                0.70307,                0.92226,                0.79828,                0.85342,                0.70111,                0.80453,                 1.6552,                0.64245,                 1.0247,             0.00021471,             0.00021471,             0.00021471
                    134,                0.58066,                 0.8444,                 0.4222,                0.87406,                0.92707,                0.80111,                0.85895,                0.70508,                0.91532,                0.79249,                0.84926,                0.70056,                0.80667,                 1.6594,                  0.646,                  1.025,             0.00020371,             0.00020371,             0.00020371
                    135,                0.55998,                0.85906,                0.40479,                0.87336,                0.95986,                0.76663,                0.85346,                0.70503,                0.95986,                0.76663,                0.85246,                0.70898,                0.80831,                 1.6672,                0.65818,                  1.034,             0.00019271,             0.00019271,             0.00019271
                    136,                0.55714,                0.85016,                0.39727,                0.87486,                 0.8866,                0.81752,                0.85622,                0.69612,                 0.8866,                0.81752,                0.85372,                0.70651,                0.81917,                 1.6796,                0.66171,                 1.0494,              0.0001817,              0.0001817,              0.0001817
                    137,                0.56719,                0.84709,                0.44995,                 0.8907,                0.88975,                0.81835,                0.86287,                0.69898,                0.87948,                0.80973,                0.85593,                0.70733,                0.81777,                 1.6779,                0.65479,                 1.0569,              0.0001707,              0.0001707,              0.0001707
                    138,                 0.5561,                0.83511,                0.40228,                0.87772,                0.89742,                0.82281,                0.86333,                0.69912,                 0.8872,                0.81471,                0.85619,                  0.708,                0.82362,                 1.6703,                0.65497,                 1.0618,              0.0001597,              0.0001597,              0.0001597
                    139,                0.54405,                 0.8105,                0.40193,                0.86135,                 0.8976,                0.81985,                0.86213,                0.69085,                0.88722,                0.81123,                0.85155,                0.70446,                0.82865,                 1.6541,                0.65873,                 1.0566,              0.0001487,              0.0001487,              0.0001487
                    140,                0.56135,                0.81635,                0.42193,                0.86431,                0.89753,                0.81835,                0.85557,                0.70012,                0.88606,                0.80973,                0.84951,                0.69556,                 0.8311,                 1.6571,                 0.6893,                 1.0535,             0.00013769,             0.00013769,             0.00013769
                    141,                 0.5493,                0.94696,                0.40229,                0.83478,                0.88077,                0.80973,                0.85002,                0.69828,                0.88077,                0.80973,                0.84728,                0.69801,                0.83289,                 1.6579,                 0.6761,                 1.0536,             0.00012669,             0.00012669,             0.00012669
                    142,                0.53713,                0.88275,                0.38414,                0.83277,                0.87815,                0.81252,                0.85025,                0.70008,                0.96052,                0.76663,                0.84069,                0.69597,                0.84349,                 1.6381,                 0.6725,                 1.0641,             0.00011569,             0.00011569,             0.00011569
                    143,                0.49507,                0.77587,                0.35946,                0.82912,                0.87721,                0.81835,                0.85065,                0.70257,                 0.9577,                0.76663,                0.84655,                0.69717,                 0.8485,                 1.6352,                0.65519,                 1.0737,             0.00010469,             0.00010469,             0.00010469
                    144,                0.52843,                0.77675,                0.37653,                  0.835,                0.89409,                0.80966,                0.85355,                0.69831,                0.95871,                0.76663,                0.84741,                0.69519,                0.84143,                 1.6355,                0.64314,                 1.0713,             9.3685e-05,             9.3685e-05,             9.3685e-05
                    145,                0.48938,                0.81927,                0.36801,                0.83191,                0.89407,                0.81835,                0.86455,                0.69998,                 0.8837,                0.80973,                0.85798,                0.69041,                0.83703,                 1.6426,                0.64312,                 1.0697,             8.2683e-05,             8.2683e-05,             8.2683e-05
                    146,                0.51339,                 0.8005,                0.38193,                0.83881,                0.89652,                0.81835,                0.86721,                 0.7056,                0.88586,                0.80973,                0.85838,                0.69179,                0.82639,                 1.6468,                0.63388,                 1.0595,             7.1681e-05,             7.1681e-05,             7.1681e-05
                    147,                0.50317,                0.77837,                0.36915,                0.83837,                0.90741,                0.81835,                0.86555,                0.70535,                  0.896,                0.80973,                0.86125,                0.68943,                0.82153,                 1.6557,                0.63622,                 1.0525,             6.0679e-05,             6.0679e-05,             6.0679e-05
                    148,                0.50055,                0.77824,                0.35933,                0.82862,                0.91196,                0.81835,                0.86671,                0.71208,                0.90074,                0.80973,                0.86168,                0.68873,                0.81633,                 1.6566,                0.64114,                 1.0488,             4.9677e-05,             4.9677e-05,             4.9677e-05
                    149,                0.46589,                0.79406,                0.35244,                 0.8249,                0.91088,                0.81835,                0.86588,                0.70489,                0.89987,                0.80973,                0.85651,                0.68897,                0.82097,                 1.6682,                0.64133,                 1.0545,             3.8674e-05,             3.8674e-05,             3.8674e-05
                    150,                0.50093,                0.82257,                0.36897,                0.84539,                0.90481,                0.81835,                0.86206,                0.70526,                0.89403,                0.80973,                0.85575,                0.68891,                0.82132,                 1.6682,                0.64541,                 1.0522,             2.7672e-05,             2.7672e-05,             2.7672e-05
